rn,created_at,company_id,status,demo_user
103,,2,active,FALSE
129,,2,active,FALSE
148,,2,active,FALSE
258,,3,active,FALSE
271,,4,active,FALSE
332,,5,inactive,FALSE
466,2022-12-07 13:37:03.970821 UTC,5,inactive,FALSE
496,2022-12-07 13:37:06.472852 UTC,5,inactive,FALSE
559,2022-12-07 13:39:23.152891 UTC,5,inactive,FALSE
578,2022-12-07 13:39:24.922548 UTC,5,active,FALSE
629,2022-12-07 13:39:28.860572 UTC,5,inactive,FALSE
648,2022-12-07 13:39:30.597774 UTC,5,inactive,FALSE
769,2022-12-07 13:56:11.592932 UTC,5,active,FALSE
792,2022-12-07 13:56:15.045408 UTC,5,inactive,FALSE
905,2023-03-09 10:55:25.649545 UTC,7,inactive,FALSE
918,2023-03-09 10:55:38.309174 UTC,7,inactive,FALSE
942,2023-03-09 11:04:51.856805 UTC,7,inactive,FALSE
1004,2023-03-09 11:06:12.383580 UTC,7,inactive,FALSE
1138,2023-03-13 08:54:00.549609 UTC,3,active,FALSE
1147,2023-03-20 13:38:39.486325 UTC,3,active,FALSE
13,2022-07-09 07:12:00.650758 UTC,10,active,FALSE
25,2022-07-09 07:12:00.650758 UTC,2,active,FALSE
54,2022-07-09 07:14:55.459613 UTC,10,active,FALSE
63,2022-07-09 07:14:55.459613 UTC,2,active,FALSE
75,2022-07-09 07:14:55.459613 UTC,3,active,FALSE
124,2022-07-09 07:17:56.295500 UTC,3,active,FALSE
181,2022-07-09 07:20:52.769056 UTC,2,active,FALSE
382,2022-12-07 13:36:48.856847 UTC,5,inactive,FALSE
392,2022-12-07 13:36:49.220876 UTC,5,deleted,FALSE
460,2022-12-07 13:37:03.699783 UTC,5,inactive,FALSE
511,2022-12-07 13:37:07.602203 UTC,5,deleted,FALSE
587,2022-12-07 13:39:25.181698 UTC,5,inactive,FALSE
603,2022-12-07 13:39:26.839192 UTC,5,inactive,FALSE
654,2022-12-07 13:39:30.919731 UTC,5,inactive,FALSE
686,2022-12-07 13:39:35.111220 UTC,5,inactive,FALSE
711,2022-12-07 13:39:36.893768 UTC,5,inactive,
774,2022-12-07 13:56:11.919471 UTC,5,inactive,
818,2023-01-17 09:31:17.915415 UTC,10,active,
844,2023-02-13 16:18:30.292970 UTC,10,active,
853,2023-02-28 13:58:11.136942 UTC,2,active,
982,2023-03-09 11:05:41.126511 UTC,7,inactive,
985,2023-03-09 11:05:45.908232 UTC,7,inactive,
1043,2023-03-09 11:07:04.511085 UTC,7,inactive,
1044,2023-03-09 11:07:05.447305 UTC,7,inactive,FALSE
1115,2023-03-09 11:15:07.993231 UTC,7,inactive,FALSE
1161,2023-04-03 15:48:29.445173 UTC,10,active,FALSE
1179,2023-04-21 09:26:00.668374 UTC,5,inactive,FALSE
39,2022-07-09 07:12:00.650758 UTC,3,active,FALSE
97,2022-07-09 07:17:56.295500 UTC,10,active,FALSE
144,2022-07-09 07:20:52.769056 UTC,2,active,FALSE
164,2022-07-09 07:20:52.769056 UTC,3,active,FALSE
180,2022-07-09 07:20:52.769056 UTC,3,deleted,FALSE
311,2022-11-02 07:50:00.971473 UTC,2,active,FALSE
344,2022-12-07 13:36:45.266641 UTC,5,inactive,FALSE
346,2022-12-07 13:36:45.291482 UTC,5,inactive,FALSE
370,2022-12-07 13:36:47.376391 UTC,5,inactive,FALSE
411,2022-12-07 13:36:58.715446 UTC,5,inactive,FALSE
522,2022-12-07 13:37:08.778171 UTC,5,inactive,FALSE
616,2022-12-07 13:39:27.275840 UTC,5,deleted,FALSE
619,2022-12-07 13:39:27.440434 UTC,5,inactive,FALSE
658,2022-12-07 13:39:31.039845 UTC,5,inactive,FALSE
674,2022-12-07 13:39:34.457166 UTC,5,inactive,FALSE
884,2023-03-09 10:55:04.380771 UTC,7,inactive,FALSE
890,2023-03-09 10:55:10.398428 UTC,7,inactive,FALSE
951,2023-03-09 11:05:02.224149 UTC,7,inactive,FALSE
998,2023-03-09 11:06:06.021013 UTC,7,inactive,FALSE
1019,2023-03-09 11:06:33.060246 UTC,7,inactive,FALSE
1049,2023-03-09 11:07:11.035435 UTC,7,inactive,FALSE
1078,2023-03-09 11:07:46.559089 UTC,7,inactive,FALSE
1139,2023-03-13 11:14:09.504157 UTC,5,inactive,FALSE
1166,2023-04-06 07:53:33.411135 UTC,3,active,FALSE
1167,2023-04-07 08:08:37.237684 UTC,3,active,FALSE
1186,2023-05-03 13:21:38.339175 UTC,4,active,FALSE
83,2022-07-09 07:14:55.459613 UTC,2,active,FALSE
191,2022-07-09 07:23:47.967170 UTC,10,active,FALSE
221,2022-07-09 07:23:47.967170 UTC,3,active,FALSE
508,2022-12-07 13:37:07.500513 UTC,5,inactive,FALSE
551,2022-12-07 13:37:16.479204 UTC,5,inactive,FALSE
574,2022-12-07 13:39:23.413037 UTC,5,inactive,FALSE
583,2022-12-07 13:39:25.055180 UTC,5,inactive,FALSE
666,2022-12-07 13:39:33.161598 UTC,5,inactive,FALSE
706,2022-12-07 13:39:36.745140 UTC,5,inactive,FALSE
718,2022-12-07 13:39:38.066456 UTC,5,inactive,FALSE
760,2022-12-07 13:56:10.648472 UTC,5,inactive,FALSE
887,2023-03-09 10:55:07.468452 UTC,7,inactive,FALSE
1053,2023-03-09 11:07:15.977418 UTC,7,inactive,FALSE
1068,2023-03-09 11:07:36.416400 UTC,7,inactive,FALSE
1143,2023-03-15 08:52:14.195541 UTC,5,inactive,FALSE
1158,2023-04-03 12:40:55.035727 UTC,5,inactive,FALSE
147,2022-07-09 07:20:52.769056 UTC,2,active,FALSE
150,2022-07-09 07:20:52.769056 UTC,2,active,FALSE
279,2022-10-04 12:46:41.748998 UTC,3,active,FALSE
338,2022-12-07 13:36:45.078326 UTC,5,inactive,FALSE
398,2022-12-07 13:36:49.549590 UTC,5,inactive,FALSE
408,2022-12-07 13:36:53.583010 UTC,5,inactive,FALSE
421,2022-12-07 13:37:00.490877 UTC,5,inactive,FALSE
428,2022-12-07 13:37:00.899956 UTC,5,inactive,FALSE
480,2022-12-07 13:37:05.270759 UTC,5,deleted,FALSE
502,2022-12-07 13:37:07.118501 UTC,5,active,FALSE
531,2022-12-07 13:37:09.270342 UTC,5,inactive,FALSE
582,2022-12-07 13:39:25.013011 UTC,5,inactive,FALSE
608,2022-12-07 13:39:27.124088 UTC,5,inactive,FALSE
638,2022-12-07 13:39:29.185750 UTC,5,inactive,FALSE
659,2022-12-07 13:39:31.081699 UTC,5,inactive,FALSE
667,2022-12-07 13:39:33.287546 UTC,5,inactive,FALSE
745,2022-12-07 13:56:08.654257 UTC,5,inactive,FALSE
870,2023-03-09 10:54:46.625726 UTC,7,inactive,FALSE
912,2023-03-09 10:55:32.504859 UTC,7,inactive,FALSE
926,2023-03-09 10:55:45.890694 UTC,7,inactive,FALSE
968,2023-03-09 11:05:24.350288 UTC,7,inactive,FALSE
1002,2023-03-09 11:06:10.414927 UTC,7,inactive,FALSE
1009,2023-03-09 11:06:18.920791 UTC,7,inactive,FALSE
1021,2023-03-09 11:06:35.506938 UTC,7,inactive,FALSE
1029,2023-03-09 11:06:45.957366 UTC,7,inactive,FALSE
1055,2023-03-09 11:07:17.902376 UTC,7,inactive,FALSE
1096,2023-03-09 11:08:03.071511 UTC,7,inactive,FALSE
23,2022-07-09 07:12:00.650758 UTC,2,active,FALSE
33,2022-07-09 07:12:00.650758 UTC,3,active,FALSE
122,2022-07-09 07:17:56.295500 UTC,3,active,FALSE
123,2022-07-09 07:17:56.295500 UTC,3,active,FALSE
163,2022-07-09 07:20:52.769056 UTC,2,active,FALSE
251,2022-08-04 05:49:58.864814 UTC,10,active,FALSE
294,2022-10-24 08:40:30.455390 UTC,3,active,FALSE
326,2022-12-06 09:05:12.795136 UTC,2,active,FALSE
364,2022-12-07 13:36:47.154696 UTC,5,inactive,FALSE
365,2022-12-07 13:36:47.203906 UTC,5,inactive,FALSE
461,2022-12-07 13:37:03.726984 UTC,5,inactive,FALSE
632,2022-12-07 13:39:29.032665 UTC,5,inactive,FALSE
682,2022-12-07 13:39:34.954686 UTC,5,inactive,FALSE
787,2022-12-07 13:56:13.532813 UTC,5,deleted,FALSE
798,2022-12-20 12:41:25.534937 UTC,5,inactive,FALSE
805,2023-01-03 13:23:22.857036 UTC,5,inactive,FALSE
839,2023-02-09 09:10:45.947053 UTC,3,active,FALSE
940,2023-03-09 11:04:49.291663 UTC,7,inactive,FALSE
962,2023-03-09 11:05:16.820199 UTC,7,inactive,FALSE
983,2023-03-09 11:05:43.076319 UTC,7,inactive,FALSE
995,2023-03-09 11:06:01.272858 UTC,7,inactive,FALSE
1073,2023-03-09 11:07:41.402872 UTC,7,inactive,FALSE
1081,2023-03-09 11:07:49.336506 UTC,7,inactive,FALSE
1137,2023-03-13 08:34:10.845405 UTC,5,inactive,FALSE
109,2022-07-09 07:17:56.295500 UTC,2,active,FALSE
143,2022-07-09 07:20:52.769056 UTC,2,active,FALSE
146,2022-07-09 07:20:52.769056 UTC,2,active,FALSE
153,2022-07-09 07:20:52.769056 UTC,2,active,FALSE
154,2022-07-09 07:20:52.769056 UTC,2,active,FALSE
263,2022-09-15 07:41:14.342997 UTC,4,active,FALSE
266,2022-09-19 11:39:47.862463 UTC,4,active,FALSE
457,2022-12-07 13:37:03.453058 UTC,5,inactive,FALSE
465,2022-12-07 13:37:03.959987 UTC,5,inactive,FALSE
485,2022-12-07 13:37:05.590431 UTC,5,inactive,FALSE
606,2022-12-07 13:39:26.891086 UTC,5,inactive,FALSE
722,2022-12-07 13:39:39.383306 UTC,5,inactive,FALSE
894,2023-03-09 10:55:14.258299 UTC,7,inactive,FALSE
896,2023-03-09 10:55:16.126177 UTC,7,inactive,FALSE
989,2023-03-09 11:05:51.031901 UTC,7,inactive,FALSE
1122,2023-03-09 11:15:08.099707 UTC,7,inactive,FALSE
6,2022-07-09 07:12:00.650758 UTC,10,active,FALSE
14,2022-07-09 07:12:00.650758 UTC,10,active,FALSE
37,2022-07-09 07:12:00.650758 UTC,3,active,FALSE
106,2022-07-09 07:17:56.295500 UTC,2,active,FALSE
112,2022-07-09 07:17:56.295500 UTC,2,active,FALSE
232,2022-07-09 07:23:47.967170 UTC,3,active,FALSE
245,2022-07-09 07:24:36.730302 UTC,3,deleted,FALSE
293,2022-10-24 08:40:03.800670 UTC,3,active,FALSE
322,2022-11-25 12:47:01.089572 UTC,4,active,FALSE
345,2022-12-07 13:36:45.280271 UTC,5,inactive,FALSE
359,2022-12-07 13:36:46.996756 UTC,5,inactive,
385,2022-12-07 13:36:48.983995 UTC,5,inactive,
417,2022-12-07 13:36:59.925940 UTC,5,inactive,FALSE
524,2022-12-07 13:37:08.870519 UTC,5,inactive,FALSE
595,2022-12-07 13:39:25.403946 UTC,5,inactive,FALSE
623,2022-12-07 13:39:28.615896 UTC,5,inactive,FALSE
626,2022-12-07 13:39:28.681036 UTC,5,inactive,FALSE
634,2022-12-07 13:39:29.034762 UTC,5,inactive,FALSE
680,2022-12-07 13:39:34.704035 UTC,5,inactive,FALSE
834,2023-01-31 15:19:50.458647 UTC,5,inactive,FALSE
907,2023-03-09 10:55:27.764400 UTC,7,inactive,FALSE
950,2023-03-09 11:05:00.648035 UTC,7,inactive,FALSE
953,2023-03-09 11:05:04.705925 UTC,7,inactive,FALSE
1089,2023-03-09 11:07:56.520237 UTC,7,inactive,FALSE
1135,2023-03-10 08:09:03.684286 UTC,2,active,FALSE
1149,2023-03-22 05:08:33.713340 UTC,3,active,FALSE
12,2022-07-09 07:12:00.650758 UTC,10,active,FALSE
30,2022-07-09 07:12:00.650758 UTC,2,active,FALSE
71,2022-07-09 07:14:55.459613 UTC,3,active,FALSE
92,2022-07-09 07:17:56.295500 UTC,10,active,FALSE
113,2022-07-09 07:17:56.295500 UTC,2,active,FALSE
127,2022-07-09 07:17:56.295500 UTC,3,deleted,FALSE
247,2022-07-12 07:58:31.958867 UTC,3,active,FALSE
280,2022-10-04 20:33:30.444925 UTC,4,active,FALSE
336,2022-12-07 13:36:44.966817 UTC,5,inactive,FALSE
349,2022-12-07 13:36:45.311398 UTC,5,inactive,FALSE
416,2022-12-07 13:36:59.897452 UTC,5,inactive,FALSE
433,2022-12-07 13:37:01.603132 UTC,5,inactive,FALSE
481,2022-12-07 13:37:05.301336 UTC,5,inactive,FALSE
635,2022-12-07 13:39:29.060669 UTC,5,inactive,FALSE
699,2022-12-07 13:39:36.340984 UTC,5,deleted,FALSE
700,2022-12-07 13:39:36.389637 UTC,5,inactive,FALSE
702,2022-12-07 13:39:36.598029 UTC,5,inactive,FALSE
714,2022-12-07 13:39:37.348215 UTC,5,inactive,FALSE
860,2023-03-03 12:07:58.334461 UTC,5,inactive,FALSE
883,2023-03-09 10:55:03.318384 UTC,7,inactive,FALSE
921,2023-03-09 10:55:41.232114 UTC,7,inactive,FALSE
949,2023-03-09 11:04:59.548994 UTC,7,inactive,FALSE
974,2023-03-09 11:05:31.463818 UTC,7,inactive,FALSE
979,2023-03-09 11:05:37.519954 UTC,7,inactive,FALSE
1099,2023-03-09 11:08:05.781022 UTC,7,inactive,FALSE
1123,2023-03-09 11:15:08.100105 UTC,7,inactive,FALSE
1159,2023-04-03 12:58:27.585008 UTC,3,active,FALSE
1175,2023-04-18 11:25:44.329849 UTC,5,inactive,FALSE
1184,2023-05-03 07:13:56.239147 UTC,2,active,FALSE
42,2022-07-09 07:12:00.650758 UTC,3,active,FALSE
74,2022-07-09 07:14:55.459613 UTC,3,active,FALSE
76,2022-07-09 07:14:55.459613 UTC,3,active,FALSE
94,2022-07-09 07:17:56.295500 UTC,10,active,FALSE
126,2022-07-09 07:17:56.295500 UTC,3,active,FALSE
237,2022-07-09 07:24:36.730302 UTC,10,active,FALSE
295,2022-10-24 08:41:43.782894 UTC,3,active,FALSE
300,2022-10-24 12:43:08.237119 UTC,3,active,FALSE
313,2022-11-04 08:48:41.923724 UTC,2,active,FALSE
427,2022-12-07 13:37:00.673038 UTC,5,inactive,FALSE
549,2022-12-07 13:37:11.882061 UTC,5,deleted,FALSE
614,2022-12-07 13:39:27.249653 UTC,5,inactive,FALSE
647,2022-12-07 13:39:30.393328 UTC,5,inactive,FALSE
651,2022-12-07 13:39:30.741075 UTC,5,inactive,FALSE
698,2022-12-07 13:39:36.332305 UTC,5,inactive,FALSE
713,2022-12-07 13:39:37.021275 UTC,5,inactive,FALSE
731,2022-12-07 13:56:06.776634 UTC,5,inactive,FALSE
796,2022-12-20 08:57:53.973832 UTC,2,active,FALSE
801,2023-01-01 06:25:20.707230 UTC,5,inactive,FALSE
807,2023-01-05 08:03:21.042138 UTC,5,inactive,FALSE
828,2023-01-26 08:37:40.697782 UTC,5,inactive,FALSE
930,2023-03-09 10:55:50.025275 UTC,7,inactive,FALSE
960,2023-03-09 11:05:12.868005 UTC,7,inactive,FALSE
969,2023-03-09 11:05:26.048606 UTC,7,inactive,FALSE
978,2023-03-09 11:05:35.912680 UTC,7,inactive,FALSE
1001,2023-03-09 11:06:09.448051 UTC,7,inactive,FALSE
1023,2023-03-09 11:06:38.743155 UTC,7,inactive,TRUE
1174,2023-04-18 07:20:45.132324 UTC,3,active,TRUE
5,2022-07-09 07:12:00.650758 UTC,10,active,TRUE
15,2022-07-09 07:12:00.650758 UTC,10,active,FALSE
312,2022-11-03 07:24:35.838506 UTC,10,active,FALSE
367,2022-12-07 13:36:47.248605 UTC,5,inactive,FALSE
396,2022-12-07 13:36:49.460294 UTC,5,inactive,FALSE
424,2022-12-07 13:37:00.583819 UTC,5,inactive,FALSE
449,2022-12-07 13:37:02.749705 UTC,5,inactive,FALSE
469,2022-12-07 13:37:04.347410 UTC,5,inactive,FALSE
471,2022-12-07 13:37:04.506422 UTC,5,inactive,FALSE
534,2022-12-07 13:37:09.785228 UTC,5,inactive,FALSE
554,2022-12-07 13:37:19.883445 UTC,5,deleted,FALSE
575,2022-12-07 13:39:23.420744 UTC,5,inactive,FALSE
630,2022-12-07 13:39:28.914714 UTC,5,inactive,FALSE
708,2022-12-07 13:39:36.827104 UTC,5,inactive,FALSE
719,2022-12-07 13:39:38.311323 UTC,5,inactive,FALSE
721,2022-12-07 13:39:38.566804 UTC,5,inactive,FALSE
733,2022-12-07 13:56:06.829209 UTC,5,inactive,FALSE
800,2022-12-22 15:03:52.479933 UTC,5,active,FALSE
831,2023-01-27 11:58:50.328108 UTC,5,inactive,FALSE
856,2023-03-01 15:10:28.524325 UTC,10,active,FALSE
935,2023-03-09 11:04:43.588354 UTC,7,inactive,FALSE
984,2023-03-09 11:05:44.821282 UTC,7,inactive,FALSE
1003,2023-03-09 11:06:11.329307 UTC,7,inactive,FALSE
1106,2023-03-09 11:15:07.860426 UTC,7,inactive,FALSE
60,2022-07-09 07:14:55.459613 UTC,2,active,FALSE
86,2022-07-09 07:14:55.459613 UTC,2,active,FALSE
93,2022-07-09 07:17:56.295500 UTC,10,active,FALSE
102,2022-07-09 07:17:56.295500 UTC,2,active,FALSE
133,2022-07-09 07:17:56.295500 UTC,2,active,FALSE
224,2022-07-09 07:23:47.967170 UTC,3,active,FALSE
284,2022-10-17 07:11:11.192981 UTC,2,active,FALSE
329,2022-12-07 13:19:03.866453 UTC,5,active,FALSE
397,2022-12-07 13:36:49.507928 UTC,5,inactive,FALSE
490,2022-12-07 13:37:06.027050 UTC,5,inactive,FALSE
529,2022-12-07 13:37:09.149969 UTC,5,inactive,FALSE
599,2022-12-07 13:39:26.529569 UTC,5,inactive,FALSE
743,2022-12-07 13:56:08.613973 UTC,5,inactive,FALSE
819,2023-01-17 13:37:40.341150 UTC,2,deleted,FALSE
892,2023-03-09 10:55:12.421110 UTC,7,inactive,FALSE
910,2023-03-09 10:55:30.676751 UTC,7,inactive,FALSE
967,2023-03-09 11:05:22.546075 UTC,7,inactive,FALSE
1087,2023-03-09 11:07:54.655630 UTC,7,inactive,FALSE
1112,2023-03-09 11:15:07.983849 UTC,7,inactive,FALSE
4,2022-07-09 07:12:00.650758 UTC,10,active,FALSE
29,2022-07-09 07:12:00.650758 UTC,2,active,FALSE
53,2022-07-09 07:14:55.459613 UTC,10,active,FALSE
85,2022-07-09 07:14:55.459613 UTC,2,active,FALSE
116,2022-07-09 07:17:56.295500 UTC,2,active,FALSE
174,2022-07-09 07:20:52.769056 UTC,3,active,FALSE
212,2022-07-09 07:23:47.967170 UTC,2,active,"""FALSE"""
335,2022-12-07 13:36:44.929591 UTC,5,inactive,FALSE
459,2022-12-07 13:37:03.665864 UTC,5,inactive,FALSE
519,2022-12-07 13:37:08.240949 UTC,5,inactive,"""FALSE"""
536,2022-12-07 13:37:09.828706 UTC,5,inactive,"""FALSE"""
617,2022-12-07 13:39:27.285108 UTC,5,inactive,"""FALSE"""
639,2022-12-07 13:39:29.194188 UTC,5,inactive,"""FALSE"""
657,2022-12-07 13:39:30.931094 UTC,5,inactive,"""FALSE"""
671,2022-12-07 13:39:33.806091 UTC,5,inactive,"""FALSE"""
681,2022-12-07 13:39:34.754658 UTC,5,inactive,"""FALSE"""
689,2022-12-07 13:39:35.129625 UTC,5,inactive,"""FALSE"""
727,2022-12-07 13:56:06.679969 UTC,5,inactive,"""FALSE"""
763,2022-12-07 13:56:10.810735 UTC,5,inactive,FALSE
880,2023-03-09 10:54:59.074324 UTC,7,inactive,FALSE
913,2023-03-09 10:55:33.567196 UTC,7,inactive,FALSE
936,2023-03-09 11:04:44.538745 UTC,7,inactive,FALSE
1034,2023-03-09 11:06:53.537561 UTC,7,inactive,FALSE
1097,2023-03-09 11:08:03.968084 UTC,7,inactive,FALSE
1148,2023-03-20 21:58:09.317111 UTC,3,active,FALSE
22,2022-07-09 07:12:00.650758 UTC,2,active,FALSE
111,2022-07-09 07:17:56.295500 UTC,2,active,FALSE
117,2022-07-09 07:17:56.295500 UTC,2,deleted,FALSE
158,2022-07-09 07:20:52.769056 UTC,2,active,FALSE
183,2022-07-09 07:20:52.769056 UTC,2,active,FALSE
187,2022-07-09 07:23:47.967170 UTC,10,active,FALSE
211,2022-07-09 07:23:47.967170 UTC,2,active,FALSE
238,2022-07-09 07:24:36.730302 UTC,2,deleted,FALSE
275,2022-09-23 10:58:43.796563 UTC,4,deleted,FALSE
277,2022-10-03 11:03:05.313491 UTC,2,active,FALSE
291,2022-10-24 08:18:45.797658 UTC,3,active,FALSE
320,2022-11-23 09:03:06.886360 UTC,5,,FALSE
455,2022-12-07 13:37:03.391763 UTC,5,,FALSE
566,2022-12-07 13:39:23.324357 UTC,5,,FALSE
628,2022-12-07 13:39:28.847582 UTC,5,,FALSE
631,2022-12-07 13:39:29.030596 UTC,5,,FALSE
653,2022-12-07 13:39:30.856823 UTC,5,,FALSE
664,2022-12-07 13:39:32.868889 UTC,5,,FALSE
684,2022-12-07 13:39:35.040455 UTC,5,,FALSE
741,2022-12-07 13:56:08.399675 UTC,5,,FALSE
767,2022-12-07 13:56:11.041033 UTC,5,deleted,FALSE
858,2023-03-02 14:31:57.390346 UTC,5,inactive,FALSE
867,2023-03-08 11:29:02.333939 UTC,5,inactive,FALSE
915,2023-03-09 10:55:35.479581 UTC,7,inactive,FALSE
1042,2023-03-09 11:07:03.574789 UTC,7,inactive,FALSE
1130,2023-03-09 11:15:08.164275 UTC,7,inactive,FALSE
1156,2023-04-03 07:20:44.479170 UTC,5,inactive,FALSE
10,2022-07-09 07:12:00.650758 UTC,10,active,FALSE
20,2022-07-09 07:12:00.650758 UTC,2,active,FALSE
173,2022-07-09 07:20:52.769056 UTC,3,deleted,FALSE
319,2022-11-21 10:45:22.212776 UTC,5,active,FALSE
330,2022-12-07 13:36:44.738037 UTC,5,inactive,FALSE
379,2022-12-07 13:36:48.025209 UTC,5,inactive,FALSE
426,2022-12-07 13:37:00.657760 UTC,5,inactive,FALSE
464,2022-12-07 13:37:03.940355 UTC,5,inactive,FALSE
495,2022-12-07 13:37:06.470883 UTC,5,inactive,FALSE
512,2022-12-07 13:37:07.883898 UTC,5,inactive,FALSE
548,2022-12-07 13:37:11.578569 UTC,5,inactive,FALSE
562,2022-12-07 13:39:23.239378 UTC,5,inactive,FALSE
618,2022-12-07 13:39:27.322840 UTC,5,inactive,FALSE
790,2022-12-07 13:56:14.393852 UTC,5,inactive,FALSE
881,2023-03-09 10:55:00.850943 UTC,7,inactive,FALSE
929,2023-03-09 10:55:48.923524 UTC,7,inactive,FALSE
948,2023-03-09 11:04:58.573839 UTC,7,inactive,FALSE
1045,2023-03-09 11:07:06.509532 UTC,7,inactive,FALSE
1103,2023-03-09 11:15:07.860015 UTC,7,inactive,FALSE
1105,2023-03-09 11:15:07.860233 UTC,7,inactive,FALSE
1165,2023-04-05 11:43:08.915077 UTC,2,active,FALSE
3,2022-07-09 07:12:00.650758 UTC,10,active,FALSE
7,2022-07-09 07:12:00.650758 UTC,10,active,FALSE
110,2022-07-09 07:17:56.295500 UTC,2,inactive,FALSE
121,2022-07-09 07:17:56.295500 UTC,3,active,FALSE
166,2022-07-09 07:20:52.769056 UTC,3,active,FALSE
190,2022-07-09 07:23:47.967170 UTC,10,active,FALSE
196,2022-07-09 07:23:47.967170 UTC,2,deleted,FALSE
283,2022-10-13 06:28:53.912273 UTC,2,active,FALSE
354,2022-12-07 13:36:45.507864 UTC,5,inactive,FALSE
394,2022-12-07 13:36:49.301751 UTC,5,inactive,FALSE
412,2022-12-07 13:36:59.704314 UTC,5,inactive,FALSE
475,2022-12-07 13:37:04.718635 UTC,5,inactive,FALSE
482,2022-12-07 13:37:05.376398 UTC,5,inactive,FALSE
637,2022-12-07 13:39:29.102748 UTC,5,inactive,FALSE
878,2023-03-09 10:54:54.885050 UTC,7,inactive,FALSE
891,2023-03-09 10:55:11.344290 UTC,7,inactive,FALSE
899,2023-03-09 10:55:19.394476 UTC,7,inactive,FALSE
77,2022-07-09 07:14:55.459613 UTC,3,active,FALSE
151,2022-07-09 07:20:52.769056 UTC,2,inactive,FALSE
171,2022-07-09 07:20:52.769056 UTC,3,active,FALSE
179,2022-07-09 07:20:52.769056 UTC,3,active,FALSE
206,2022-07-09 07:23:47.967170 UTC,2,active,FALSE
310,2022-11-01 15:48:00.794563 UTC,10,inactive,FALSE
310,2022-11-01 15:48:00.794563 UTC,10,active,TRUE
310,2023-03-09 10:54:54.885050 UTC,10,active,FALSE
310,2022-11-01 15:48:00.794563 UTC,10,deleted,FALSE
369,2022-12-07 13:36:47.322276 UTC,5,inactive,FALSE
376,2022-12-07 13:36:47.535823 UTC,5,inactive,FALSE
425,2022-12-07 13:37:00.597961 UTC,5,inactive,FALSE
429,2022-12-07 13:37:01.095393 UTC,5,inactive,FALSE
431,2022-12-07 13:37:01.456946 UTC,5,inactive,FALSE
473,2022-12-07 13:37:04.553840 UTC,5,inactive,FALSE
493,2022-12-07 13:37:06.359778 UTC,5,inactive,FALSE
627,2022-12-07 13:39:28.716027 UTC,5,inactive,FALSE
737,2022-12-07 13:56:07.724466 UTC,5,inactive,FALSE
803,2023-01-02 10:01:56.697102 UTC,3,active,FALSE
806,,5,inactive,FALSE
963,,7,inactive,FALSE
971,,7,inactive,FALSE
1005,,7,inactive,FALSE
1054,,7,inactive,FALSE
1086,,7,inactive,FALSE
1131,,7,inactive,FALSE
1177,,3,active,FALSE
27,,2,deleted,FALSE
36,,3,active,FALSE
62,,2,active,FALSE
65,,2,active,FALSE
99,,10,active,"""TRUE"""
246,,3,active,"""TRUE"""
381,,5,deleted,FALSE
413,,5,inactive,FALSE
472,,5,inactive,FALSE
514,,5,inactive,FALSE
649,2022-12-07 13:39:30.687764 UTC,5,inactive,FALSE
756,2022-12-07 13:56:09.977076 UTC,5,inactive,FALSE
786,2022-12-07 13:56:13.432470 UTC,5,inactive,FALSE
829,2023-01-26 08:37:42.597864 UTC,5,inactive,FALSE
922,2023-03-09 10:55:42.157922 UTC,7,inactive,FALSE
954,2023-03-09 11:05:05.643550 UTC,7,inactive,FALSE
975,2023-03-09 11:05:32.478839 UTC,7,inactive,FALSE
1041,2023-03-09 11:07:02.326440 UTC,7,inactive,FALSE
1083,2023-03-09 11:07:51.118231 UTC,7,inactive,FALSE
1154,2023-03-30 11:18:45.004370 UTC,2,active,FALSE
1160,2023-04-03 13:20:45.521996 UTC,5,inactive,FALSE
1,2022-07-09 07:12:00.650758 UTC,10,active,FALSE
18,2022-07-09 07:12:00.650758 UTC,2,deleted,FALSE
46,2022-07-09 07:12:00.650758 UTC,2,active,FALSE
51,2022-07-09 07:14:55.459613 UTC,10,active,FALSE
73,2022-07-09 07:14:55.459613 UTC,3,active,FALSE
90,2022-07-09 07:17:56.295500 UTC,10,active,FALSE
227,2022-07-09 07:23:47.967170 UTC,3,active,FALSE
243,2022-07-09 07:24:36.730302 UTC,2,active,FALSE
309,2022-11-01 14:35:39.493233 UTC,2,deleted,FALSE
333,2022-12-07 13:36:44.861023 UTC,5,inactive,FALSE
352,2022-12-07 13:36:45.432641 UTC,5,inactive,FALSE
358,2022-12-07 13:36:46.974164 UTC,5,inactive,FALSE
378,2022-12-07 13:36:47.979986 UTC,5,inactive,FALSE
383,2022-12-07 13:36:48.911402 UTC,5,inactive,FALSE
441,2022-12-07 13:37:02.025356 UTC,5,inactive,FALSE
445,2022-12-07 13:37:02.518147 UTC,5,active,FALSE
453,2022-12-07 13:37:03.151878 UTC,5,inactive,FALSE
487,2022-12-07 13:37:05.790936 UTC,5,inactive,FALSE
498,2022-12-07 13:37:06.504850 UTC,5,inactive,FALSE
550,2022-12-07 13:37:16.361930 UTC,5,inactive,FALSE
636,2022-12-07 13:39:29.074667 UTC,5,inactive,FALSE
709,2022-12-07 13:39:36.843832 UTC,5,inactive,FALSE
738,2022-12-07 13:56:07.783693 UTC,5,inactive,FALSE
827,2023-01-25 10:37:17.100557 UTC,5,inactive,FALSE
855,2023-03-01 13:49:57.794068 UTC,2,active,FALSE
917,2023-03-09 10:55:37.374004 UTC,7,inactive,FALSE
931,2023-03-09 10:55:51.013880 UTC,7,inactive,FALSE
1118,2023-03-09 11:15:08.037256 UTC,7,inactive,FALSE
1153,2023-03-28 09:59:28.790983 UTC,5,inactive,FALSE
1172,2023-04-13 07:23:23.399855 UTC,5,inactive,FALSE
1178,2023-04-21 09:25:56.895319 UTC,5,inactive,FALSE
50,2022-07-09 07:14:55.459613 UTC,10,active,FALSE
80,2022-07-09 07:14:55.459613 UTC,3,active,FALSE
119,2022-07-09 07:17:56.295500 UTC,2,active,FALSE
152,2022-07-09 07:20:52.769056 UTC,2,active,FALSE
214,2022-07-09 07:23:47.967170 UTC,3,active,FALSE
316,2022-11-14 12:53:49.190520 UTC,2,active,FALSE
339,2022-12-07 13:36:45.094118 UTC,5,inactive,FALSE
391,2022-12-07 13:36:49.181621 UTC,5,active,FALSE
419,2022-12-07 13:37:00.445439 UTC,5,inactive,FALSE
458,2022-12-07 13:37:03.571602 UTC,5,inactive,FALSE
507,2022-12-07 13:37:07.214755 UTC,5,inactive,FALSE
528,2022-12-07 13:37:09.090318 UTC,5,deleted,FALSE
571,2022-12-07 13:39:23.370184 UTC,5,inactive,FALSE
580,2022-12-07 13:39:24.963529 UTC,5,inactive,FALSE
609,2022-12-07 13:39:27.125087 UTC,5,inactive,FALSE
688,2022-12-07 13:39:35.125964 UTC,5,inactive,FALSE
746,2022-12-07 13:56:08.669644 UTC,5,inactive,FALSE
753,2022-12-07 13:56:09.746154 UTC,5,inactive,FALSE
754,2022-12-07 13:56:09.914055 UTC,5,inactive,FALSE
770,2022-12-07 13:56:11.594555 UTC,5,inactive,FALSE
877,2023-03-09 10:54:53.925792 UTC,7,inactive,FALSE
895,2023-03-09 10:55:15.191881 UTC,7,inactive,FALSE
1052,2023-03-09 11:07:15.027885 UTC,7,inactive,FALSE
1061,2023-03-09 11:07:27.835697 UTC,7,inactive,FALSE
1067,2023-03-09 11:07:35.331267 UTC,7,inactive,FALSE
1170,2023-04-12 15:03:41.456974 UTC,10,active,FALSE
82,2022-07-09 07:14:55.459613 UTC,2,active,FALSE
149,2022-07-09 07:20:52.769056 UTC,2,active,FALSE
189,2022-07-09 07:23:47.967170 UTC,10,active,FALSE
202,2022-07-09 07:23:47.967170 UTC,2,active,FALSE
255,2022-08-22 13:33:48.087202 UTC,10,active,FALSE
315,2022-11-14 12:53:31.154072 UTC,2,active,FALSE
371,2022-12-07 13:36:47.416709 UTC,5,inactive,FALSE
448,2022-12-07 13:37:02.742817 UTC,5,inactive,FALSE
516,2022-12-07 13:37:08.168428 UTC,5,inactive,FALSE
715,2022-12-07 13:39:37.657850 UTC,5,inactive,FALSE
764,2022-12-07 13:56:10.875405 UTC,5,inactive,FALSE
835,2023-02-01 13:43:09.204398 UTC,2,active,FALSE
846,2023-02-16 11:03:17.980728 UTC,5,inactive,FALSE
900,2023-03-09 10:55:20.667294 UTC,7,inactive,FALSE
1032,2023-03-09 11:06:51.177286 UTC,7,inactive,FALSE
1057,2023-03-09 11:07:20.757018 UTC,7,inactive,FALSE
1058,2023-03-09 11:07:23.549481 UTC,7,inactive,FALSE
1101,2023-03-09 11:08:07.918032 UTC,7,inactive,FALSE
1110,2023-03-09 11:15:07.909883 UTC,7,inactive,FALSE
1113,2023-03-09 11:15:07.984958 UTC,7,inactive,FALSE
9,2022-07-09 07:12:00.650758 UTC,10,active,FALSE
96,2022-07-09 07:17:56.295500 UTC,10,active,FALSE
241,2022-07-09 07:24:36.730302 UTC,2,active,FALSE
356,2022-12-07 13:36:46.728658 UTC,5,inactive,FALSE
362,2022-12-07 13:36:47.101098 UTC,5,inactive,FALSE
422,2022-12-07 13:37:00.570119 UTC,5,inactive,FALSE
483,2022-12-07 13:37:05.391361 UTC,5,inactive,FALSE
510,2022-12-07 13:37:07.577343 UTC,5,inactive,FALSE
650,2022-12-07 13:39:30.703327 UTC,5,inactive,FALSE
652,2022-12-07 13:39:30.814680 UTC,5,inactive,FALSE
762,2022-12-07 13:56:10.782036 UTC,5,inactive,FALSE
779,2022-12-07 13:56:12.479109 UTC,5,inactive,FALSE
861,2023-03-06 13:35:00.457728 UTC,4,active,FALSE
1071,2023-03-09 11:07:39.409650 UTC,7,inactive,FALSE
1116,2023-03-09 11:15:07.993855 UTC,7,inactive,FALSE
1126,2023-03-09 11:15:08.146080 UTC,7,inactive,FALSE
1146,2023-03-16 15:56:40.032669 UTC,5,inactive,FALSE
49,2022-07-09 07:14:55.459613 UTC,10,active,FALSE
115,2022-07-09 07:17:56.295500 UTC,2,deleted,FALSE
184,2022-07-09 07:20:52.769056 UTC,2,active,FALSE
185,2022-07-09 07:20:52.769056 UTC,2,active,FALSE
188,2022-07-09 07:23:47.967170 UTC,10,active,FALSE
226,2022-07-09 07:23:47.967170 UTC,3,deleted,FALSE
278,2022-10-04 08:28:51.761031 UTC,2,active,FALSE
292,2022-10-24 08:38:16.952243 UTC,3,active,FALSE
299,2022-10-24 09:20:19.880482 UTC,3,active,FALSE
302,2022-10-25 07:56:21.192755 UTC,3,active,FALSE
374,2022-12-07 13:36:47.507329 UTC,5,inactive,FALSE
399,2022-12-07 13:36:49.589371 UTC,5,deleted,FALSE
446,2022-12-07 13:37:02.607716 UTC,5,inactive,FALSE
538,2022-12-07 13:37:09.900983 UTC,5,inactive,FALSE
543,2022-12-07 13:37:10.513084 UTC,5,inactive,FALSE
573,2022-12-07 13:39:23.397172 UTC,5,inactive,FALSE
591,2022-12-07 13:39:25.330398 UTC,5,inactive,FALSE
605,2022-12-07 13:39:26.875953 UTC,5,inactive,FALSE
748,2022-12-07 13:56:08.990529 UTC,5,inactive,FALSE
797,2022-12-20 10:21:31.169977 UTC,5,inactive,FALSE
841,2023-02-09 10:24:25.844412 UTC,3,active,FALSE
845,2023-02-16 09:58:24.545503 UTC,2,deleted,FALSE
928,2023-03-09 10:55:47.985301 UTC,7,inactive,FALSE
946,2023-03-09 11:04:56.713152 UTC,7,inactive,FALSE
1062,2023-03-09 11:07:29.260700 UTC,7,inactive,FALSE
1090,2023-03-09 11:07:57.585731 UTC,7,inactive,FALSE
1176,2023-04-19 14:27:11.227144 UTC,5,inactive,FALSE
28,2022-07-09 07:12:00.650758 UTC,2,active,FALSE
45,2022-07-09 07:12:00.650758 UTC,2,active,FALSE
78,2022-07-09 07:14:55.459613 UTC,3,active,FALSE
98,2022-07-09 07:17:56.295500 UTC,10,active,FALSE
134,2022-07-09 07:17:56.295500 UTC,2,active,FALSE
274,2022-09-23 06:44:58.928905 UTC,2,active,FALSE
282,2022-10-12 05:43:39.145203 UTC,10,active,FALSE
286,2022-10-17 07:42:30.144589 UTC,4,inactive,FALSE
287,2022-10-17 12:59:15.948187 UTC,2,active,FALSE
296,2022-10-24 08:41:56.056887 UTC,3,active,FALSE
307,2022-10-31 10:32:07.401944 UTC,3,active,FALSE
328,2022-12-07 13:16:31.639020 UTC,5,active,FALSE
430,2022-12-07 13:37:01.456339 UTC,5,inactive,FALSE
443,2022-12-07 13:37:02.153224 UTC,5,active,FALSE
456,2022-12-07 13:37:03.439244 UTC,5,inactive,FALSE
488,2022-12-07 13:37:05.840546 UTC,5,inactive,FALSE
515,2022-12-07 13:37:08.123640 UTC,5,inactive,FALSE
544,2022-12-07 13:37:10.585913 UTC,5,inactive,FALSE
547,2022-12-07 13:37:11.288922 UTC,5,inactive,FALSE
694,2022-12-07 13:39:35.932368 UTC,5,inactive,FALSE
728,2022-12-07 13:56:06.693655 UTC,5,inactive,FALSE
742,2022-12-07 13:56:08.562265 UTC,5,inactive,FALSE
788,2022-12-07 13:56:13.778641 UTC,5,deleted,FALSE
822,2023-01-19 12:22:37.872561 UTC,6,inactive,FALSE
837,2023-02-02 12:43:07.008444 UTC,3,active,FALSE
882,2023-03-09 10:55:02.261836 UTC,7,inactive,FALSE
901,2023-03-09 10:55:21.628887 UTC,7,inactive,FALSE
923,2023-03-09 10:55:43.109281 UTC,7,inactive,FALSE
973,2023-03-09 11:05:30.439262 UTC,7,inactive,FALSE
1026,2023-03-09 11:06:42.342714 UTC,7,inactive,FALSE
1035,2023-03-09 11:06:55.065034 UTC,7,inactive,FALSE
1155,2023-04-02 22:20:02.145532 UTC,5,inactive,FALSE
66,2022-07-09 07:14:55.459613 UTC,2,active,FALSE
69,2022-07-09 07:14:55.459613 UTC,2,active,FALSE
142,2022-07-09 07:20:52.769056 UTC,10,active,FALSE
253,2022-08-17 08:02:09.890369 UTC,2,active,FALSE
256,2022-08-31 06:44:47.812209 UTC,2,active,FALSE
260,2022-09-07 11:23:27.918155 UTC,2,active,FALSE
268,2022-09-19 20:00:21.457229 UTC,4,inactive,FALSE
325,2022-12-05 12:34:49.288384 UTC,4,active,FALSE
341,2022-12-07 13:36:45.159898 UTC,5,inactive,FALSE
388,2022-12-07 13:36:49.113656 UTC,5,inactive,FALSE
454,2022-12-07 13:37:03.295635 UTC,5,inactive,FALSE
687,2022-12-07 13:39:35.124171 UTC,5,deleted,FALSE
740,2022-12-07 13:56:08.153700 UTC,5,inactive,FALSE
773,2022-12-07 13:56:11.918648 UTC,5,inactive,FALSE
893,2023-03-09 10:55:13.359768 UTC,7,inactive,FALSE
914,2023-03-09 10:55:34.491874 UTC,7,inactive,FALSE
966,2023-03-09 11:05:20.752336 UTC,7,inactive,FALSE
1031,2023-03-09 11:06:50.082221 UTC,7,inactive,FALSE
1075,2023-03-09 11:07:43.494187 UTC,7,inactive,FALSE
1088,2023-03-09 11:07:55.582116 UTC,7,inactive,FALSE
108,2022-07-09 07:17:56.295500 UTC,2,active,FALSE
351,2022-12-07 13:36:45.362208 UTC,5,inactive,FALSE
406,2022-12-07 13:36:50.974747 UTC,5,inactive,FALSE
468,2022-12-07 13:37:04.343227 UTC,5,inactive,FALSE
520,2022-12-07 13:37:08.426906 UTC,5,inactive,FALSE
564,2022-12-07 13:39:23.240445 UTC,5,inactive,FALSE
596,2022-12-07 13:39:25.445183 UTC,5,inactive,FALSE
624,2022-12-07 13:39:28.617845 UTC,5,inactive,FALSE
669,2022-12-07 13:39:33.704203 UTC,5,inactive,FALSE
670,2022-12-07 13:39:33.758274 UTC,5,inactive,FALSE
685,2022-12-07 13:39:35.089001 UTC,5,inactive,FALSE
720,2022-12-07 13:39:38.463333 UTC,5,deleted,FALSE
906,2023-03-09 10:55:26.638750 UTC,7,inactive,FALSE
908,2023-03-09 10:55:28.665810 UTC,7,inactive,FALSE
965,2023-03-09 11:05:19.624285 UTC,7,inactive,FALSE
1050,2023-03-09 11:07:12.073152 UTC,7,inactive,FALSE
1074,2023-03-09 11:07:42.503939 UTC,7,inactive,FALSE
1114,2023-03-09 11:15:07.992087 UTC,7,inactive,FALSE
1132,2023-03-09 11:15:08.221395 UTC,7,inactive,FALSE
1141,2023-03-15 07:31:51.978780 UTC,3,active,FALSE
47,2022-07-09 07:12:00.650758 UTC,2,active,FALSE
58,2022-07-09 07:14:55.459613 UTC,2,active,FALSE
155,2022-07-09 07:20:52.769056 UTC,2,active,FALSE
162,2022-07-09 07:20:52.769056 UTC,2,active,FALSE
186,2022-07-09 07:20:52.769056 UTC,2,active,FALSE
210,2022-07-09 07:23:47.967170 UTC,2,deleted,FALSE
215,2022-07-09 07:23:47.967170 UTC,3,active,FALSE
225,2022-07-09 07:23:47.967170 UTC,3,active,FALSE
229,2022-07-09 07:23:47.967170 UTC,3,active,FALSE
261,2022-09-09 13:12:04.144624 UTC,2,active,FALSE
276,2022-10-03 08:45:30.192962 UTC,2,active,FALSE
340,2022-12-07 13:36:45.156397 UTC,5,inactive,FALSE
410,2022-12-07 13:36:56.883263 UTC,5,inactive,FALSE
489,2022-12-07 13:37:05.844587 UTC,5,inactive,FALSE
556,2022-12-07 13:39:23.027634 UTC,5,inactive,FALSE
620,2022-12-07 13:39:28.230826 UTC,5,inactive,FALSE
643,2022-12-07 13:39:30.278089 UTC,5,inactive,FALSE
697,2022-12-07 13:39:36.326050 UTC,5,active,FALSE
705,2022-12-07 13:39:36.743997 UTC,5,inactive,FALSE
716,2022-12-07 13:39:37.692400 UTC,5,deleted,FALSE
755,2022-12-07 13:56:09.925869 UTC,5,inactive,FALSE
775,2022-12-07 13:56:12.005250 UTC,5,inactive,FALSE
823,2023-01-22 17:14:09.712534 UTC,2,active,FALSE
990,2023-03-09 11:05:52.001899 UTC,7,inactive,FALSE
1046,2023-03-09 11:07:07.688682 UTC,7,inactive,FALSE
1066,2023-03-09 11:07:34.235893 UTC,7,inactive,FALSE
118,2022-07-09 07:17:56.295500 UTC,2,active,FALSE
141,2022-07-09 07:20:52.769056 UTC,10,active,FALSE
160,2022-07-09 07:20:52.769056 UTC,2,active,FALSE
176,2022-07-09 07:20:52.769056 UTC,3,active,FALSE
298,2022-10-24 08:56:20.623478 UTC,3,active,FALSE
321,2022-11-23 09:34:28.929996 UTC,2,active,FALSE
337,2022-12-07 13:36:45.077682 UTC,5,inactive,FALSE
420,2022-12-07 13:37:00.484662 UTC,5,deleted,FALSE
494,2022-12-07 13:37:06.396816 UTC,5,inactive,FALSE
500,2022-12-07 13:37:07.036430 UTC,5,inactive,FALSE
525,2022-12-07 13:37:08.986029 UTC,5,inactive,FALSE
526,2022-12-07 13:37:09.002799 UTC,5,inactive,FALSE
540,2022-12-07 13:37:10.049699 UTC,5,inactive,FALSE
594,2022-12-07 13:39:25.376608 UTC,5,inactive,FALSE
613,2022-12-07 13:39:27.235597 UTC,5,inactive,FALSE
621,2022-12-07 13:39:28.437561 UTC,5,inactive,FALSE
640,2022-12-07 13:39:29.275783 UTC,5,inactive,FALSE
729,2022-12-07 13:56:06.753814 UTC,5,inactive,FALSE
739,2022-12-07 13:56:07.952685 UTC,5,inactive,FALSE
759,2022-12-07 13:56:10.339965 UTC,5,inactive,FALSE
809,2023-01-06 15:55:39.187845 UTC,10,active,FALSE
850,2023-02-28 10:07:57.605284 UTC,5,inactive,FALSE
872,2023-03-09 10:54:48.834067 UTC,7,inactive,FALSE
889,2023-03-09 10:55:09.433911 UTC,7,inactive,FALSE
947,2023-03-09 11:04:57.644631 UTC,7,inactive,FALSE
992,2023-03-09 11:05:54.147266 UTC,7,inactive,FALSE
1010,2023-03-09 11:06:21.286569 UTC,7,inactive,FALSE
1027,2023-03-09 11:06:43.590645 UTC,7,inactive,FALSE
1039,2023-03-09 11:07:00.020331 UTC,7,inactive,FALSE
1173,2023-04-13 13:23:40.568105 UTC,5,inactive,FALSE
38,2022-07-09 07:12:00.650758 UTC,3,active,FALSE
61,2022-07-09 07:14:55.459613 UTC,2,active,FALSE
194,2022-07-09 07:23:47.967170 UTC,10,active,FALSE
230,2022-07-09 07:23:47.967170 UTC,3,active,FALSE
407,2022-12-07 13:36:52.343146 UTC,5,inactive,FALSE
532,2022-12-07 13:37:09.433852 UTC,5,deleted,FALSE
557,2022-12-07 13:39:23.096495 UTC,5,inactive,FALSE
585,2022-12-07 13:39:25.132286 UTC,5,inactive,FALSE
588,2022-12-07 13:39:25.279362 UTC,5,inactive,FALSE
677,2022-12-07 13:39:34.629873 UTC,5,inactive,FALSE
744,2022-12-07 13:56:08.617738 UTC,5,inactive,FALSE
811,2023-01-09 15:10:08.420061 UTC,5,inactive,FALSE
849,2023-02-28 10:07:54.938370 UTC,5,inactive,FALSE
927,2023-03-09 10:55:47.064656 UTC,7,inactive,FALSE
941,2023-03-09 11:04:50.760040 UTC,7,inactive,FALSE
943,2023-03-09 11:04:52.856439 UTC,7,inactive,FALSE
997,2023-03-09 11:06:04.441986 UTC,7,inactive,FALSE
1007,2023-03-09 11:06:16.253952 UTC,7,inactive,FALSE
1012,2023-03-09 11:06:24.061750 UTC,7,inactive,FALSE
1018,2023-03-09 11:06:31.820001 UTC,7,inactive,FALSE
1079,2023-03-09 11:07:47.535616 UTC,7,inactive,FALSE
1111,2023-03-09 11:15:07.917913 UTC,7,inactive,FALSE
1145,2023-03-16 12:51:19.954735 UTC,5,inactive,FALSE
1168,2023-04-11 10:59:22.109330 UTC,3,active,FALSE
1181,2023-05-02 07:48:35.286150 UTC,4,active,FALSE
68,2022-07-09 07:14:55.459613 UTC,2,active,FALSE
132,2022-07-09 07:17:56.295500 UTC,3,active,FALSE
175,2022-07-09 07:20:52.769056 UTC,3,active,FALSE
207,2022-07-09 07:23:47.967170 UTC,2,active,FALSE
244,2022-07-09 07:24:36.730302 UTC,3,active,FALSE
290,2022-10-24 08:14:07.859236 UTC,3,active,FALSE
368,2022-12-07 13:36:47.318411 UTC,5,inactive,FALSE
377,2022-12-07 13:36:47.644765 UTC,5,inactive,FALSE
415,2022-12-07 13:36:59.821735 UTC,5,inactive,FALSE
577,2022-12-07 13:39:23.487315 UTC,5,inactive,FALSE
600,2022-12-07 13:39:26.721978 UTC,5,inactive,FALSE
710,2022-12-07 13:39:36.844084 UTC,5,deleted,FALSE
789,2022-12-07 13:56:13.968408 UTC,5,inactive,FALSE
793,2022-12-08 08:52:50.839336 UTC,4,inactive,FALSE
833,2023-01-31 07:59:49.760164 UTC,5,inactive,FALSE
866,2023-03-07 16:10:12.784950 UTC,3,active,FALSE
938,2023-03-09 11:04:46.524564 UTC,7,inactive,FALSE
952,2023-03-09 11:05:03.451040 UTC,7,inactive,FALSE
958,2023-03-09 11:05:09.378513 UTC,7,inactive,FALSE
959,2023-03-09 11:05:11.329143 UTC,7,inactive,FALSE
976,2023-03-09 11:05:33.910590 UTC,7,inactive,FALSE
1017,2023-03-09 11:06:30.562539 UTC,7,inactive,FALSE
1059,2023-03-09 11:07:25.833971 UTC,7,inactive,FALSE
1065,2023-03-09 11:07:32.871175 UTC,7,inactive,FALSE
1091,2023-03-09 11:07:58.537288 UTC,7,inactive,FALSE
1134,2023-03-09 11:15:08.227124 UTC,7,inactive,FALSE
213,2022-07-09 07:23:47.967170 UTC,3,active,FALSE
288,2022-10-17 14:57:21.175947 UTC,2,active,FALSE
303,2022-10-25 08:56:32.646735 UTC,2,active,FALSE
308,2022-11-01 09:54:34.028405 UTC,3,active,FALSE
327,2022-12-07 10:20:03.400534 UTC,3,active,FALSE
438,2022-12-07 13:37:01.858987 UTC,5,inactive,FALSE
477,2022-12-07 13:37:04.921354 UTC,5,inactive,FALSE
586,2022-12-07 13:39:25.136419 UTC,5,inactive,FALSE
597,2022-12-07 13:39:25.454483 UTC,5,inactive,FALSE
693,2022-12-07 13:39:35.623145 UTC,5,inactive,FALSE
701,2022-12-07 13:39:36.463785 UTC,5,inactive,FALSE
795,2022-12-15 13:19:12.081405 UTC,5,inactive,FALSE
816,2023-01-12 15:18:09.353430 UTC,4,active,FALSE
842,2023-02-09 17:14:37.559398 UTC,2,active,FALSE
924,2023-03-09 10:55:44.048421 UTC,7,inactive,FALSE
939,2023-03-09 11:04:48.129013 UTC,7,inactive,FALSE
981,2023-03-09 11:05:39.658626 UTC,7,inactive,FALSE
1121,2023-03-09 11:15:08.091719 UTC,7,inactive,FALSE
137,2022-07-09 07:20:52.769056 UTC,10,active,FALSE
145,2022-07-09 07:20:52.769056 UTC,2,active,FALSE
168,2022-07-09 07:20:52.769056 UTC,3,deleted,FALSE
200,2022-07-09 07:23:47.967170 UTC,2,active,FALSE
228,2022-07-09 07:23:47.967170 UTC,3,active,FALSE
252,2022-08-12 11:30:29.548898 UTC,10,active,FALSE
265,2022-09-19 09:01:48.774658 UTC,4,active,FALSE
317,2022-11-17 10:38:32.337972 UTC,4,active,FALSE
380,2022-12-07 13:36:48.636519 UTC,5,inactive,FALSE
462,2022-12-07 13:37:03.841709 UTC,5,inactive,FALSE
499,2022-12-07 13:37:06.750075 UTC,5,inactive,FALSE
561,2022-12-07 13:39:23.221545 UTC,5,inactive,FALSE
565,2022-12-07 13:39:23.323073 UTC,5,inactive,FALSE
569,2022-12-07 13:39:23.359748 UTC,5,inactive,FALSE
612,2022-12-07 13:39:27.203201 UTC,5,inactive,FALSE
673,2022-12-07 13:39:34.253374 UTC,5,inactive,FALSE
679,2022-12-07 13:39:34.659853 UTC,5,inactive,FALSE
725,2022-12-07 13:39:43.800722 UTC,5,inactive,FALSE
785,2022-12-07 13:56:13.300512 UTC,5,inactive,FALSE
821,2023-01-18 10:35:31.659827 UTC,5,deleted,FALSE
832,2023-01-27 14:35:10.443505 UTC,2,active,FALSE
886,2023-03-09 10:55:06.497042 UTC,7,inactive,FALSE
911,2023-03-09 10:55:31.603048 UTC,7,inactive,FALSE
945,2023-03-09 11:04:55.631725 UTC,7,inactive,FALSE
1006,2023-03-09 11:06:14.796904 UTC,7,inactive,FALSE
1008,2023-03-09 11:06:17.581558 UTC,7,inactive,FALSE
17,2022-07-09 07:12:00.650758 UTC,2,active,FALSE
41,2022-07-09 07:12:00.650758 UTC,3,active,FALSE
138,2022-07-09 07:20:52.769056 UTC,10,active,FALSE
140,2022-07-09 07:20:52.769056 UTC,10,active,FALSE
165,2022-07-09 07:20:52.769056 UTC,3,active,FALSE
218,2022-07-09 07:23:47.967170 UTC,3,active,FALSE
334,2022-12-07 13:36:44.886801 UTC,5,inactive,FALSE
401,2022-12-07 13:36:49.658567 UTC,5,inactive,FALSE
404,2022-12-07 13:36:50.413155 UTC,5,inactive,FALSE
418,2022-12-07 13:37:00.306262 UTC,5,inactive,FALSE
474,2022-12-07 13:37:04.646271 UTC,5,inactive,FALSE
517,2022-12-07 13:37:08.180037 UTC,5,inactive,FALSE
590,2022-12-07 13:39:25.324892 UTC,5,inactive,FALSE
675,2022-12-07 13:39:34.516760 UTC,5,inactive,FALSE
704,2022-12-07 13:39:36.709722 UTC,5,inactive,FALSE
847,2023-02-21 09:44:50.208757 UTC,5,deleted,FALSE
876,2023-03-09 10:54:52.867802 UTC,7,inactive,FALSE
987,2023-03-09 11:05:48.324589 UTC,7,inactive,FALSE
993,2023-03-09 11:05:56.080169 UTC,7,inactive,FALSE
1000,2023-03-09 11:06:08.382688 UTC,7,inactive,FALSE
1047,2023-03-09 11:07:08.689954 UTC,7,inactive,FALSE
1084,2023-03-09 11:07:51.988883 UTC,7,inactive,FALSE
1092,2023-03-09 11:07:59.477294 UTC,7,inactive,FALSE
1108,2023-03-09 11:15:07.905520 UTC,7,inactive,FALSE
16,2022-07-09 07:12:00.650758 UTC,2,active,FALSE
136,2022-07-09 07:17:56.295500 UTC,2,active,FALSE
139,2022-07-09 07:20:52.769056 UTC,10,active,FALSE
161,2022-07-09 07:20:52.769056 UTC,2,deleted,FALSE
177,2022-07-09 07:20:52.769056 UTC,3,active,FALSE
192,2022-07-09 07:23:47.967170 UTC,10,active,FALSE
193,2022-07-09 07:23:47.967170 UTC,10,deleted,FALSE
198,2022-07-09 07:23:47.967170 UTC,2,inactive,FALSE
250,2022-08-02 13:32:22.598051 UTC,10,active,FALSE
269,2022-09-20 08:34:26.495914 UTC,4,inactive,FALSE
285,2022-10-17 07:23:34.486255 UTC,4,inactive,FALSE
314,2022-11-13 14:33:41.111099 UTC,3,active,FALSE
350,2022-12-07 13:36:45.345434 UTC,5,inactive,FALSE
353,2022-12-07 13:36:45.485782 UTC,5,inactive,FALSE
373,2022-12-07 13:36:47.482552 UTC,5,inactive,FALSE
402,2022-12-07 13:36:49.718864 UTC,5,inactive,FALSE
432,2022-12-07 13:37:01.594178 UTC,5,inactive,FALSE
552,2022-12-07 13:37:18.189227 UTC,5,inactive,FALSE
593,2022-12-07 13:39:25.352504 UTC,5,deleted,FALSE
641,2022-12-07 13:39:29.915558 UTC,5,inactive,FALSE
661,2022-12-07 13:39:32.252490 UTC,5,inactive,FALSE
665,2022-12-07 13:39:33.128729 UTC,5,inactive,FALSE
696,2022-12-07 13:39:36.083723 UTC,5,inactive,FALSE
735,2022-12-07 13:56:07.380650 UTC,5,inactive,FALSE
780,2022-12-07 13:56:12.506873 UTC,5,inactive,FALSE
830,2023-01-27 11:58:48.279601 UTC,5,inactive,FALSE
864,2023-03-06 15:50:14.507503 UTC,3,active,FALSE
897,2023-03-09 10:55:17.086401 UTC,7,inactive,FALSE
898,2023-03-09 10:55:18.094680 UTC,7,inactive,FALSE
937,2023-03-09 11:04:45.535870 UTC,7,inactive,FALSE
964,2023-03-09 11:05:18.704666 UTC,7,inactive,FALSE
1107,2023-03-09 11:15:07.860432 UTC,7,inactive,FALSE
1128,2023-03-09 11:15:08.149802 UTC,7,inactive,FALSE
1142,2023-03-15 07:39:31.413856 UTC,3,active,FALSE
21,2022-07-09 07:12:00.650758 UTC,2,active,FALSE
64,2022-07-09 07:14:55.459613 UTC,2,active,FALSE
89,2022-07-09 07:14:55.459613 UTC,2,active,FALSE
107,2022-07-09 07:17:56.295500 UTC,2,active,FALSE
167,2022-07-09 07:20:52.769056 UTC,3,active,FALSE
248,2022-07-14 07:41:03.894435 UTC,3,active,FALSE
363,2022-12-07 13:36:47.127078 UTC,5,active,FALSE
375,2022-12-07 13:36:47.534562 UTC,5,inactive,FALSE
409,2022-12-07 13:36:55.106622 UTC,5,inactive,FALSE
478,2022-12-07 13:37:05.098719 UTC,5,inactive,FALSE
523,2022-12-07 13:37:08.792384 UTC,5,inactive,FALSE
598,2022-12-07 13:39:25.457111 UTC,5,active,FALSE
808,2023-01-05 15:48:40.396125 UTC,6,inactive,FALSE
854,2023-03-01 06:32:09.116511 UTC,5,inactive,FALSE
862,2023-03-06 15:12:56.011873 UTC,5,inactive,FALSE
863,2023-03-06 15:12:58.548854 UTC,5,inactive,FALSE
932,2023-03-09 10:55:52.096518 UTC,7,inactive,FALSE
934,2023-03-09 10:55:53.925540 UTC,7,inactive,FALSE
955,2023-03-09 11:05:06.580916 UTC,7,inactive,FALSE
1048,2023-03-09 11:07:09.962162 UTC,7,inactive,FALSE
1093,2023-03-09 11:08:00.362456 UTC,7,inactive,FALSE
1164,2023-04-05 08:41:12.283735 UTC,5,inactive,FALSE
8,2022-07-09 07:12:00.650758 UTC,10,active,FALSE
35,2022-07-09 07:12:00.650758 UTC,3,active,FALSE
88,2022-07-09 07:14:55.459613 UTC,2,active,FALSE
219,2022-07-09 07:23:47.967170 UTC,3,active,FALSE
235,2022-07-09 07:23:47.967170 UTC,2,active,FALSE
281,2022-10-06 13:49:38.952597 UTC,10,active,FALSE
384,2022-12-07 13:36:48.980859 UTC,5,inactive,FALSE
400,2022-12-07 13:36:49.657217 UTC,5,inactive,FALSE
444,2022-12-07 13:37:02.505394 UTC,5,inactive,FALSE
476,2022-12-07 13:37:04.843107 UTC,5,inactive,FALSE
812,2023-01-09 15:10:10.406235 UTC,5,active,FALSE
836,2023-02-02 09:20:47.068691 UTC,5,active,FALSE
859,2023-03-03 11:28:03.178384 UTC,5,inactive,FALSE
873,2023-03-09 10:54:49.751652 UTC,7,inactive,FALSE
920,2023-03-09 10:55:40.221479 UTC,7,inactive,FALSE
986,2023-03-09 11:05:46.821835 UTC,7,inactive,FALSE
1028,2023-03-09 11:06:44.831350 UTC,7,inactive,FALSE
1094,2023-03-09 11:08:01.292806 UTC,7,inactive,FALSE
1182,2023-05-02 11:53:23.430553 UTC,2,active,FALSE
67,2022-07-09 07:14:55.459613 UTC,2,active,FALSE
100,2022-07-09 07:17:56.295500 UTC,10,active,FALSE
157,2022-07-09 07:20:52.769056 UTC,2,active,FALSE
170,2022-07-09 07:20:52.769056 UTC,3,active,FALSE
204,2022-07-09 07:23:47.967170 UTC,2,active,FALSE
223,2022-07-09 07:23:47.967170 UTC,3,active,FALSE
323,2022-12-01 16:35:16.366058 UTC,2,active,FALSE
347,2022-12-07 13:36:45.301995 UTC,5,inactive,FALSE
357,2022-12-07 13:36:46.814051 UTC,5,inactive,FALSE
372,2022-12-07 13:36:47.440584 UTC,5,inactive,FALSE
395,2022-12-07 13:36:49.440542 UTC,5,inactive,FALSE
642,2022-12-07 13:39:30.096212 UTC,5,inactive,FALSE
695,2022-12-07 13:39:35.976408 UTC,5,inactive,FALSE
749,2022-12-07 13:56:09.364101 UTC,5,inactive,FALSE
761,2022-12-07 13:56:10.720027 UTC,5,inactive,FALSE
765,2022-12-07 13:56:11.014657 UTC,5,inactive,FALSE
781,2022-12-07 13:56:12.753496 UTC,5,deleted,FALSE
909,2023-03-09 10:55:29.573111 UTC,7,inactive,FALSE
925,2023-03-09 10:55:44.953885 UTC,7,inactive,FALSE
972,2023-03-09 11:05:29.436076 UTC,7,inactive,FALSE
999,2023-03-09 11:06:07.383163 UTC,7,inactive,FALSE
1011,2023-03-09 11:06:22.885697 UTC,7,inactive,FALSE
1038,2023-03-09 11:06:59.039917 UTC,7,inactive,FALSE
1140,2023-03-13 11:14:12.981342 UTC,5,inactive,FALSE
57,2022-07-09 07:14:55.459613 UTC,2,active,FALSE
72,2022-07-09 07:14:55.459613 UTC,3,active,FALSE
91,2022-07-09 07:17:56.295500 UTC,10,active,FALSE
125,2022-07-09 07:17:56.295500 UTC,3,active,FALSE
169,2022-07-09 07:20:52.769056 UTC,3,active,FALSE
197,2022-07-09 07:23:47.967170 UTC,2,active,FALSE
201,2022-07-09 07:23:47.967170 UTC,2,active,FALSE
217,2022-07-09 07:23:47.967170 UTC,3,active,FALSE
273,2022-09-21 06:13:56.754315 UTC,4,inactive,FALSE
361,2022-12-07 13:36:47.078202 UTC,5,inactive,FALSE
437,2022-12-07 13:37:01.756421 UTC,5,inactive,FALSE
509,2022-12-07 13:37:07.562721 UTC,5,inactive,FALSE
513,2022-12-07 13:37:08.054521 UTC,5,inactive,FALSE
530,2022-12-07 13:37:09.206502 UTC,5,inactive,FALSE
542,2022-12-07 13:37:10.190493 UTC,5,inactive,FALSE
546,2022-12-07 13:37:11.085254 UTC,5,inactive,FALSE
644,2022-12-07 13:39:30.317155 UTC,5,inactive,FALSE
723,2022-12-07 13:39:40.228788 UTC,5,inactive,FALSE
783,2022-12-07 13:56:12.903899 UTC,5,inactive,FALSE
810,2023-01-09 09:36:25.343798 UTC,3,active,FALSE
852,2023-02-28 13:27:12.786632 UTC,2,active,FALSE
991,2023-03-09 11:05:52.930587 UTC,7,inactive,FALSE
1022,2023-03-09 11:06:37.720433 UTC,7,inactive,FALSE
1024,2023-03-09 11:06:39.826972 UTC,7,inactive,FALSE
1076,2023-03-09 11:07:44.424767 UTC,7,inactive,FALSE
1102,2023-03-09 11:15:07.859663 UTC,7,inactive,FALSE
1124,2023-03-09 11:15:08.100708 UTC,7,inactive,FALSE
1150,2023-03-24 13:19:19.898363 UTC,5,inactive,FALSE
1183,2023-05-02 13:38:37.101296 UTC,2,active,FALSE
1185,2023-05-03 10:55:40.650191 UTC,3,active,FALSE
55,2022-07-09 07:14:55.459613 UTC,10,active,FALSE
208,2022-07-09 07:23:47.967170 UTC,2,active,FALSE
233,2022-07-09 07:23:47.967170 UTC,3,active,FALSE
242,2022-07-09 07:24:36.730302 UTC,2,active,FALSE
257,2022-09-02 08:44:31.026821 UTC,3,active,FALSE
259,2022-09-07 09:43:01.603869 UTC,2,active,FALSE
267,2022-09-19 15:08:44.121564 UTC,4,active,FALSE
434,2022-12-07 13:37:01.653645 UTC,5,inactive,FALSE
486,2022-12-07 13:37:05.760518 UTC,5,inactive,FALSE
601,2022-12-07 13:39:26.815842 UTC,5,inactive,FALSE
726,2022-12-07 13:39:45.414105 UTC,5,inactive,FALSE
730,2022-12-07 13:56:06.772663 UTC,5,inactive,FALSE
766,2022-12-07 13:56:11.020283 UTC,5,inactive,FALSE
825,2023-01-23 13:56:40.001889 UTC,5,inactive,FALSE
1080,2023-03-09 11:07:48.389227 UTC,7,inactive,FALSE
1144,2023-03-15 09:56:27.735743 UTC,3,active,FALSE
70,2022-07-09 07:14:55.459613 UTC,3,active,FALSE
120,2022-07-09 07:17:56.295500 UTC,3,active,FALSE
205,2022-07-09 07:23:47.967170 UTC,2,active,FALSE
216,2022-07-09 07:23:47.967170 UTC,3,deleted,FALSE
240,2022-07-09 07:24:36.730302 UTC,2,active,FALSE
342,2022-12-07 13:36:45.177765 UTC,5,inactive,FALSE
386,2022-12-07 13:36:49.066600 UTC,5,inactive,FALSE
387,2022-12-07 13:36:49.081978 UTC,5,inactive,FALSE
423,2022-12-07 13:37:00.574815 UTC,5,inactive,FALSE
470,2022-12-07 13:37:04.490411 UTC,5,inactive,FALSE
484,2022-12-07 13:37:05.427076 UTC,5,inactive,FALSE
712,2022-12-07 13:39:36.953442 UTC,5,inactive,FALSE
777,2022-12-07 13:56:12.129563 UTC,5,inactive,FALSE
799,2022-12-22 09:19:28.197466 UTC,2,deleted,FALSE
813,2023-01-10 13:50:26.591519 UTC,5,inactive,FALSE
814,2023-01-11 09:24:37.423993 UTC,5,inactive,FALSE
879,2023-03-09 10:54:55.896267 UTC,7,inactive,FALSE
888,2023-03-09 10:55:08.440299 UTC,7,inactive,FALSE
957,2023-03-09 11:05:08.406239 UTC,7,inactive,FALSE
1015,2023-03-09 11:06:27.339279 UTC,7,inactive,FALSE
1036,2023-03-09 11:06:56.504834 UTC,7,inactive,FALSE
1063,2023-03-09 11:07:30.618402 UTC,7,inactive,FALSE
1104,2023-03-09 11:15:07.860099 UTC,7,inactive,FALSE
1125,2023-03-09 11:15:08.114643 UTC,7,inactive,FALSE
19,2022-07-09 07:12:00.650758 UTC,2,active,FALSE
52,2022-07-09 07:14:55.459613 UTC,10,active,FALSE
81,2022-07-09 07:14:55.459613 UTC,3,deleted,FALSE
87,2022-07-09 07:14:55.459613 UTC,2,active,FALSE
135,2022-07-09 07:17:56.295500 UTC,2,deleted,FALSE
178,2022-07-09 07:20:52.769056 UTC,3,active,FALSE
209,2022-07-09 07:23:47.967170 UTC,2,active,FALSE
301,2022-10-25 06:08:23.519448 UTC,3,active,FALSE
331,2022-12-07 13:36:44.778718 UTC,5,inactive,FALSE
360,2022-12-07 13:36:47.002241 UTC,5,inactive,FALSE
442,2022-12-07 13:37:02.052469 UTC,5,inactive,FALSE
537,2022-12-07 13:37:09.883600 UTC,5,inactive,FALSE
558,2022-12-07 13:39:23.133626 UTC,5,inactive,FALSE
567,2022-12-07 13:39:23.326294 UTC,5,inactive,FALSE
579,2022-12-07 13:39:24.933877 UTC,5,inactive,FALSE
581,2022-12-07 13:39:24.995648 UTC,5,inactive,FALSE
615,2022-12-07 13:39:27.269407 UTC,5,inactive,FALSE
622,2022-12-07 13:39:28.523929 UTC,5,inactive,FALSE
625,2022-12-07 13:39:28.655556 UTC,5,deleted,FALSE
633,2022-12-07 13:39:29.033577 UTC,5,inactive,FALSE
676,2022-12-07 13:39:34.620764 UTC,5,inactive,FALSE
683,2022-12-07 13:39:35.011285 UTC,5,inactive,FALSE
804,2023-01-03 10:11:50.046654 UTC,10,active,FALSE
824,2023-01-23 13:50:16.097860 UTC,3,active,FALSE
868,2023-03-09 10:54:44.511059 UTC,7,inactive,FALSE
902,2023-03-09 10:55:22.635449 UTC,7,inactive,FALSE
980,2023-03-09 11:05:38.748063 UTC,7,inactive,FALSE
32,2022-07-09 07:12:00.650758 UTC,2,inactive,FALSE
95,2022-07-09 07:17:56.295500 UTC,10,active,FALSE
101,2022-07-09 07:17:56.295500 UTC,10,active,FALSE
114,2022-07-09 07:17:56.295500 UTC,2,active,FALSE
203,2022-07-09 07:23:47.967170 UTC,2,deleted,FALSE
231,2022-07-09 07:23:47.967170 UTC,3,active,FALSE
249,2022-08-02 10:31:24.396299 UTC,2,inactive,FALSE
264,2022-09-15 08:54:03.543074 UTC,2,deleted,FALSE
405,2022-12-07 13:36:50.545058 UTC,5,inactive,FALSE
501,2022-12-07 13:37:07.061526 UTC,5,inactive,FALSE
521,2022-12-07 13:37:08.431981 UTC,5,inactive,FALSE
541,2022-12-07 13:37:10.190251 UTC,5,inactive,FALSE
560,2022-12-07 13:39:23.192181 UTC,5,inactive,FALSE
672,2022-12-07 13:39:34.171214 UTC,5,active,FALSE
724,2022-12-07 13:39:42.028999 UTC,5,inactive,FALSE
751,2022-12-07 13:56:09.505716 UTC,5,inactive,FALSE
758,2022-12-07 13:56:10.177196 UTC,5,inactive,FALSE
784,2022-12-07 13:56:13.068379 UTC,5,inactive,FALSE
794,2022-12-08 13:57:35.885352 UTC,5,inactive,FALSE
815,2023-01-12 11:36:10.104601 UTC,6,inactive,FALSE
817,2023-01-13 09:11:37.197771 UTC,5,inactive,FALSE
840,2023-02-09 10:10:55.865147 UTC,3,active,FALSE
851,2023-02-28 13:27:01.436912 UTC,2,active,FALSE
903,2023-03-09 10:55:23.649181 UTC,7,inactive,FALSE
961,2023-03-09 11:05:15.219419 UTC,7,inactive,FALSE
1040,2023-03-09 11:07:01.136282 UTC,7,inactive,FALSE
1056,2023-03-09 11:07:18.874473 UTC,7,inactive,FALSE
1064,2023-03-09 11:07:31.688150 UTC,7,inactive,FALSE
1082,2023-03-09 11:07:50.230352 UTC,7,inactive,FALSE
1095,2023-03-09 11:08:02.179235 UTC,7,inactive,FALSE
1109,2023-03-09 11:15:07.905575 UTC,7,inactive,FALSE
1180,2023-04-25 13:48:59.351336 UTC,5,active,FALSE
59,2022-07-09 07:14:55.459613 UTC,2,active,FALSE
199,2022-07-09 07:23:47.967170 UTC,2,active,FALSE
236,2022-07-09 07:24:36.730302 UTC,10,active,FALSE
318,2022-11-18 14:33:20.196311 UTC,4,deleted,FALSE
447,2022-12-07 13:37:02.623443 UTC,5,inactive,FALSE
452,2022-12-07 13:37:03.086798 UTC,5,inactive,FALSE
518,2022-12-07 13:37:08.203621 UTC,5,inactive,FALSE
539,2022-12-07 13:37:10.009646 UTC,5,inactive,FALSE
607,2022-12-07 13:39:27.044195 UTC,5,inactive,FALSE
610,2022-12-07 13:39:27.151411 UTC,5,inactive,FALSE
646,2022-12-07 13:39:30.386640 UTC,5,inactive,FALSE
690,2022-12-07 13:39:35.151171 UTC,5,inactive,FALSE
736,2022-12-07 13:56:07.688320 UTC,5,inactive,FALSE
768,2022-12-07 13:56:11.241998 UTC,5,inactive,FALSE
848,2023-02-27 08:44:33.500614 UTC,2,active,FALSE
1025,2023-03-09 11:06:41.260407 UTC,7,inactive,FALSE
1069,2023-03-09 11:07:37.319027 UTC,7,inactive,FALSE
1072,2023-03-09 11:07:40.362004 UTC,7,inactive,FALSE
1163,2023-04-05 07:15:07.399546 UTC,4,inactive,FALSE
1171,2023-04-13 07:23:20.554566 UTC,5,inactive,FALSE
104,2022-07-09 07:17:56.295500 UTC,2,active,FALSE
156,2022-07-09 07:20:52.769056 UTC,2,active,FALSE
159,2022-07-09 07:20:52.769056 UTC,2,deleted,FALSE
306,2022-10-31 10:18:37.021785 UTC,3,active,FALSE
389,2022-12-07 13:36:49.161598 UTC,5,inactive,FALSE
436,2022-12-07 13:37:01.743485 UTC,5,inactive,FALSE
463,2022-12-07 13:37:03.940304 UTC,5,inactive,FALSE
479,2022-12-07 13:37:05.248510 UTC,5,inactive,FALSE
505,2022-12-07 13:37:07.198227 UTC,5,inactive,FALSE
506,2022-12-07 13:37:07.209651 UTC,5,active,FALSE
553,2022-12-07 13:37:18.347147 UTC,5,inactive,FALSE
563,2022-12-07 13:39:23.240024 UTC,5,inactive,FALSE
576,2022-12-07 13:39:23.422967 UTC,5,inactive,FALSE
584,2022-12-07 13:39:25.124704 UTC,5,inactive,FALSE
604,2022-12-07 13:39:26.849669 UTC,5,inactive,FALSE
663,2022-12-07 13:39:32.713461 UTC,5,inactive,FALSE
707,2022-12-07 13:39:36.814306 UTC,5,inactive,FALSE
734,2022-12-07 13:56:06.929859 UTC,5,inactive,FALSE
791,2022-12-07 13:56:14.582445 UTC,5,inactive,FALSE
871,2023-03-09 10:54:47.691793 UTC,7,inactive,FALSE
956,2023-03-09 11:05:07.502539 UTC,7,inactive,FALSE
1014,2023-03-09 11:06:26.327272 UTC,7,inactive,FALSE
1016,2023-03-09 11:06:28.397200 UTC,7,inactive,FALSE
1129,2023-03-09 11:15:08.151372 UTC,7,inactive,FALSE
1151,2023-03-24 13:58:25.312386 UTC,5,inactive,FALSE
1152,2023-03-28 08:57:47.597103 UTC,5,inactive,FALSE
26,2022-07-09 07:12:00.650758 UTC,2,active,FALSE
31,2022-07-09 07:12:00.650758 UTC,2,active,FALSE
44,2022-07-09 07:12:00.650758 UTC,2,active,FALSE
56,2022-07-09 07:14:55.459613 UTC,2,active,FALSE
270,2022-09-20 09:02:10.195055 UTC,4,active,FALSE
343,2022-12-07 13:36:45.251789 UTC,5,inactive,FALSE
348,2022-12-07 13:36:45.304357 UTC,5,inactive,FALSE
366,2022-12-07 13:36:47.230567 UTC,5,inactive,FALSE
414,2022-12-07 13:36:59.813902 UTC,5,inactive,FALSE
439,2022-12-07 13:37:01.896175 UTC,5,inactive,FALSE
451,2022-12-07 13:37:02.873826 UTC,5,active,FALSE
467,2022-12-07 13:37:04.103743 UTC,5,active,FALSE
568,2022-12-07 13:39:23.342798 UTC,5,inactive,FALSE
570,2022-12-07 13:39:23.359929 UTC,5,inactive,FALSE
572,2022-12-07 13:39:23.370187 UTC,5,inactive,FALSE
592,2022-12-07 13:39:25.339732 UTC,5,inactive,FALSE
656,2022-12-07 13:39:30.930605 UTC,5,inactive,FALSE
668,2022-12-07 13:39:33.466988 UTC,5,inactive,FALSE
717,2022-12-07 13:39:37.701482 UTC,5,inactive,FALSE
732,2022-12-07 13:56:06.782816 UTC,5,active,FALSE
778,2022-12-07 13:56:12.470440 UTC,5,inactive,FALSE
826,2023-01-24 13:17:04.953557 UTC,5,inactive,FALSE
838,2023-02-02 13:20:23.077254 UTC,5,inactive,FALSE
843,2023-02-10 13:20:45.795086 UTC,2,active,FALSE
885,2023-03-09 10:55:05.352871 UTC,7,inactive,FALSE
970,2023-03-09 11:05:27.253452 UTC,7,inactive,FALSE
994,2023-03-09 11:06:00.041932 UTC,7,inactive,FALSE
1013,2023-03-09 11:06:25.125053 UTC,7,inactive,FALSE
1033,2023-03-09 11:06:52.214112 UTC,7,inactive,FALSE
1119,2023-03-09 11:15:08.037560 UTC,7,inactive,FALSE
1120,2023-03-09 11:15:08.037599 UTC,7,inactive,FALSE
105,2022-07-09 07:17:56.295500 UTC,2,active,FALSE
182,2022-07-09 07:20:52.769056 UTC,2,active,FALSE
222,2022-07-09 07:23:47.967170 UTC,3,deleted,FALSE
239,2022-07-09 07:24:36.730302 UTC,2,active,FALSE
272,2022-09-20 18:45:45.485629 UTC,4,active,FALSE
355,2022-12-07 13:36:46.709817 UTC,5,inactive,FALSE
492,2022-12-07 13:37:06.273461 UTC,5,inactive,FALSE
503,2022-12-07 13:37:07.169981 UTC,5,inactive,FALSE
555,2022-12-07 13:37:21.645992 UTC,5,inactive,FALSE
589,2022-12-07 13:39:25.300627 UTC,5,inactive,FALSE
645,2022-12-07 13:39:30.384939 UTC,5,inactive,FALSE
703,2022-12-07 13:39:36.709018 UTC,5,inactive,FALSE
757,2022-12-07 13:56:10.123797 UTC,5,inactive,FALSE
802,2023-01-01 23:45:33.527633 UTC,5,inactive,FALSE
933,2023-03-09 10:55:52.998259 UTC,7,inactive,FALSE
977,2023-03-09 11:05:34.947093 UTC,7,inactive,FALSE
1020,2023-03-09 11:06:34.338759 UTC,7,inactive,FALSE
1030,2023-03-09 11:06:48.902175 UTC,7,inactive,FALSE
1060,2023-03-09 11:07:26.897062 UTC,7,inactive,FALSE
1077,2023-03-09 11:07:45.631257 UTC,7,inactive,FALSE
1085,2023-03-09 11:07:52.877124 UTC,7,inactive,FALSE
1133,2023-03-09 11:15:08.221504 UTC,7,inactive,FALSE
2,2022-07-09 07:12:00.650758 UTC,10,active,FALSE
40,2022-07-09 07:12:00.650758 UTC,3,active,FALSE
48,2022-07-09 07:14:55.459613 UTC,10,active,FALSE
130,2022-07-09 07:17:56.295500 UTC,3,active,FALSE
234,2022-07-09 07:23:47.967170 UTC,2,active,FALSE
390,2022-12-07 13:36:49.174263 UTC,5,inactive,FALSE
393,2022-12-07 13:36:49.293111 UTC,5,inactive,FALSE
435,2022-12-07 13:37:01.726951 UTC,5,inactive,FALSE
450,2022-12-07 13:37:02.772498 UTC,5,inactive,FALSE
497,2022-12-07 13:37:06.473972 UTC,5,active,FALSE
504,2022-12-07 13:37:07.183794 UTC,5,inactive,FALSE
611,2022-12-07 13:39:27.172274 UTC,5,inactive,FALSE
655,2022-12-07 13:39:30.924787 UTC,5,inactive,FALSE
662,2022-12-07 13:39:32.598313 UTC,5,inactive,FALSE
752,2022-12-07 13:56:09.636131 UTC,5,active,FALSE
875,2023-03-09 10:54:51.726058 UTC,7,inactive,FALSE
1070,2023-03-09 11:07:38.366893 UTC,7,inactive,FALSE
1136,2023-03-10 08:22:36.743293 UTC,3,active,FALSE
11,2022-07-09 07:12:00.650758 UTC,10,active,FALSE
24,2022-07-09 07:12:00.650758 UTC,2,active,FALSE
128,2022-07-09 07:17:56.295500 UTC,2,active,FALSE
195,2022-07-09 07:23:47.967170 UTC,2,active,FALSE
254,2022-08-22 13:24:58.591781 UTC,3,active,FALSE
262,2022-09-09 13:12:06.084309 UTC,2,active,FALSE
304,2022-10-25 10:52:58.020787 UTC,3,active,FALSE
324,2022-12-02 14:47:37.836032 UTC,10,active,FALSE
440,2022-12-07 13:37:02.024555 UTC,5,inactive,FALSE
533,2022-12-07 13:37:09.453333 UTC,5,inactive,FALSE
602,2022-12-07 13:39:26.826455 UTC,5,deleted,FALSE
692,2022-12-07 13:39:35.480643 UTC,5,inactive,FALSE
747,2022-12-07 13:56:08.793606 UTC,5,inactive,FALSE
782,2022-12-07 13:56:12.759138 UTC,5,inactive,FALSE
865,2023-03-06 16:48:56.947294 UTC,5,inactive,FALSE
869,2023-03-09 10:54:45.623335 UTC,7,inactive,FALSE
904,2023-03-09 10:55:24.604695 UTC,7,inactive,FALSE
916,2023-03-09 10:55:36.415347 UTC,7,inactive,FALSE
919,2023-03-09 10:55:39.271507 UTC,7,inactive,FALSE
1127,2023-03-09 11:15:08.148215 UTC,7,inactive,FALSE
1169,2023-04-11 11:48:20.191549 UTC,3,active,FALSE
43,2022-07-09 07:12:00.650758 UTC,2,active,FALSE
79,2022-07-09 07:14:55.459613 UTC,3,active,FALSE
84,2022-07-09 07:14:55.459613 UTC,3,active,FALSE
131,2022-07-09 07:17:56.295500 UTC,3,active,FALSE
289,2022-10-24 08:11:14.842901 UTC,3,active,FALSE
305,2022-10-27 10:53:36.834834 UTC,3,active,FALSE
545,2022-12-07 13:37:10.744579 UTC,5,inactive,FALSE
776,2022-12-07 13:56:12.087790 UTC,5,inactive,FALSE
820,2023-01-17 16:35:32.230831 UTC,5,inactive,FALSE
944,2023-03-09 11:04:54.548311 UTC,7,inactive,FALSE
996,2023-03-09 11:06:03.099340 UTC,7,inactive,FALSE
1037,2023-03-09 11:06:57.687207 UTC,7,inactive,FALSE
1051,2023-03-09 11:07:14.089992 UTC,7,inactive,FALSE
1098,2023-03-09 11:08:04.896711 UTC,7,inactive,FALSE
1100,2023-03-09 11:08:06.897582 UTC,7,inactive,FALSE
1117,2023-03-09 11:15:08.032081 UTC,7,inactive,FALSE
34,2022-07-09 07:12:00.650758 UTC,3,active,FALSE
172,2022-07-09 07:20:52.769056 UTC,3,active,FALSE
220,2022-07-09 07:23:47.967170 UTC,3,active,FALSE
297,2022-10-24 08:54:14.113580 UTC,3,active,FALSE
403,2022-12-07 13:36:50.004276 UTC,5,inactive,FALSE
491,2022-12-07 13:37:06.092165 UTC,5,inactive,FALSE
527,2022-12-07 13:37:09.071636 UTC,5,inactive,FALSE
535,2022-12-07 13:37:09.810554 UTC,5,inactive,FALSE
660,2022-12-07 13:39:31.956676 UTC,5,inactive,FALSE
678,2022-12-07 13:39:34.652495 UTC,5,inactive,FALSE
691,2022-12-07 13:39:35.175847 UTC,5,inactive,FALSE
750,2022-12-07 13:56:09.476663 UTC,5,inactive,FALSE
771,2022-12-07 13:56:11.683074 UTC,5,inactive,FALSE
772,2022-12-07 13:56:11.914319 UTC,5,deleted,FALSE
857,2023-03-01 17:01:15.181047 UTC,3,active,FALSE
874,2023-03-09 10:54:50.715817 UTC,7,inactive,FALSE
988,2023-03-09 11:05:49.448252 UTC,7,inactive,"""TRUE"""
1157,2023-04-03 10:45:54.075292 UTC,10,active,FALSE
1162,2023-04-05 06:56:02.981829 UTC,3,active,"""TRUE"""